{"CustomerId_PKEY":{"count":50001.0,"mean":1.0,"std":0.0,"min":1.0,"25%":1.0,"50%":1.0,"75%":1.0,"max":1.0},"CustomerName_OPT":{"count":50001.0,"mean":1.2535549289,"std":0.4350501261,"min":1.0,"25%":1.0,"50%":1.0,"75%":2.0,"max":2.0},"InvoiceDate_NN":{"count":50001.0,"mean":1.006099878,"std":0.0778639245,"min":1.0,"25%":1.0,"50%":1.0,"75%":1.0,"max":2.0},"InvoiceStatus_OPT":{"count":50001.0,"mean":1.0009199816,"std":0.0303175464,"min":1.0,"25%":1.0,"50%":1.0,"75%":1.0,"max":2.0},"label":{"count":0.0,"mean":null,"std":null,"min":null,"25%":null,"50%":null,"75%":null,"max":null}}